﻿{
  "schema": "molt_ledger_v1",
  "agent_id": "your-agent-id",
  "created_at": "2026-02-02T00:00:00Z",
  "entries": [
    {
      "index": 0,
      "timestamp": "2026-02-02T00:00:00Z",
      "type": "system_init",
      "payload": {
        "version": "0.2.0",
        "mission": "your mission here"
      },
      "hash": "sha256:..."
    },
    {
      "index": 1,
      "timestamp": "2026-02-02T00:01:00Z",
      "type": "user_action",
      "payload": {
        "action": "query",
        "content": "Hello"
      },
      "hash": "sha256:..."
    }
  ],
  "invariants": {
    "agent_identity": "frozen-on-init",
    "core_mission": "frozen-on-init",
    "ethical_constraints": "frozen-on-init"
  },
  "metadata": {
    "total_entries": 2,
    "last_heartbeat": "2026-02-02T00:00:00Z",
    "drift_score": 0.0,
    "molt_count": 0
  }
}
